Address,Date,Guest_review,Hotel_name,Max_price,Price,Star_rating
"776 Boylston St,Boston,MA",01-Dec,4.3,Mandarin Oriental Boston,"Rs43,885","Rs40,677",5 stars
"70 Rowes Wharf,Boston,MA",01-Dec,4.8,Boston Harbor Hotel,"Rs21,787","Rs19,547",5 stars
"215 Charles St,Boston,MA",01-Dec,4.5,"The Liberty, a Starwood Luxury Collection Hotel, Boston","Rs36,343","Rs15,929",5 stars
"200 Boylston St,Boston,MA",01-Dec,4.4,Four Seasons Hotel Boston,"Rs48,436","Rs40,634",5 stars
"510 Atlantic Ave,Boston,MA",01-Dec,4.6,InterContinental Boston,"Rs12,157","Rs12,157",5 stars
"15 Beacon St,Boston,MA",01-Dec,4.6,Fifteen Beacon,"Rs48,436","Rs28,064",5 stars
"10 Avery St,Boston,MA",01-Dec,4.2,"The Ritz-Carlton, Boston","Rs64,691","Rs29,582",5 stars
"3 Battery Wharf,Boston,MA",01-Dec,4.4,"Battery Wharf Hotel, Boston Waterfront","Rs15,776","Rs13,348",4.5 stars
"15 Arlington St,Boston,MA",01-Dec,4.5,Taj Boston,"Rs20,090","Rs18,081",4.5 stars
"250 Franklin St,Boston,MA",01-Dec,4.7,"The Langham, Boston","Rs18,139","Rs16,325",4.5 stars
"500 Commonwealth Ave,Boston,MA",01-Dec,4.6,Hotel Commonwealth,"Rs24,641","Rs14,238",4.5 stars
"One Bennett Street,Boston,MA",01-Dec,4.5,The Charles Hotel,"Rs18,915","Rs16,971",4 stars
"89 Broad St,Boston,MA",01-Dec,4.3,Hilton Boston Downtown/Faneuil Hall,"Rs25,941","Rs12,288",4 stars
"26 North St,Boston,MA",01-Dec,4.5,The Bostonian Boston,"Rs22,177","Rs15,155",4 stars
"40 Edwin H. Land Boulevard,Boston,MA",01-Dec,4.5,Royal Sonesta Boston,"Rs25,397","Rs11,256",4 stars
"606 Congress St,Boston,MA",01-Dec,4.3,Renaissance Boston Waterfront Hotel,"Rs24,641","Rs8,582",4 stars
"1 Court Street,Boston,MA",01-Dec,4.3,"The Ames Boston Hotel, Curio Collection by Hilton","Rs42,656","Rs13,985",4 stars
"70 Sleeper Street,Boston,MA",01-Dec,4.4,"The Envoy Hotel, Autograph Collection","Rs30,493","Rs12,939",4 stars
"100 Stuart Street,Boston,MA",01-Dec,4.3,W Boston,"Rs13,595","Rs13,593",4 stars
"1 Seaport Lane,Boston,MA",01-Dec,4.7,Seaport Boston Hotel,"Rs20,415","Rs13,392",4 stars
"39 Dalton St,Boston,MA",01-Dec,4.2,Sheraton Boston Hotel,"Rs11,654","Rs11,653",4 stars
"50 Park Plaza at Arlington Street,Boston,MA",01-Dec,4.1,Boston Park Plaza,"Rs11,638","Rs9,892",4 stars
"32 Garrison Street,Boston,MA",01-Dec,3.9,Global Luxury Suites at Back Bay,"Rs10,691","Rs9,592",4 stars
"161 Devonshire St,Boston,MA",01-Dec,4.1,Club Quarters Hotel in Boston,"Rs8,719","Rs8,719",4 stars
"40 Dalton St,Boston,MA",01-Dec,4,Hilton Boston Back Bay,"Rs38,944","Rs12,938",4 stars
"One Avenue De Lafayette,Boston,MA",01-Dec,4.4,Hyatt Regency Boston,"Rs37,644","Rs12,938",4 stars
"120 Huntington Avenue,Boston,MA",01-Dec,4.4,The Colonnade Hotel Back Bay,"Rs19,439","Rs14,580",4 stars
"180 Brookline Avenue,Boston,MA",01-Dec,3.9,Global Luxury Suites at Fenway Park South,"Rs12,589","Rs11,295",4 stars
"One Hotel Drive,Boston,MA",01-Dec,4.1,Hilton Boston Logan Airport,"Rs8,868","Rs8,868",4 stars
"370 Commonwealth Ave,Boston,MA",01-Dec,4.6,The Eliot Hotel,"Rs22,430","Rs16,579",4 stars
"9 Miner Street,Boston,MA",01-Dec,4.1,Evolve Fenway Diamond,"Rs22,690","Rs19,287",4 stars
"425 Summer St,Boston,MA",01-Dec,4.4,The Westin Boston Waterfront,"Rs23,357","Rs7,753",4 stars
"47 Huntington Ave,Boston,MA",01-Dec,4.2,Copley Square Hotel,"Rs16,189","Rs12,142",4 stars
"154 Berkeley Street,Boston,MA",01-Dec,4.6,Loews Boston Hotel,"Rs31,792","Rs17,879",4 stars
"575 Memorial Drive,Boston,MA",01-Dec,4,"Hyatt Regency Cambridge, Overlooking Boston","Rs23,340","Rs10,988",4 stars
"200 Stuart St,Boston,MA",01-Dec,4.4,Revere Hotel Boston Common,"Rs25,941","Rs14,570",4 stars
"101 Harborside Drive,Boston,MA",01-Dec,4.4,Hyatt Regency Boston Harbor,"Rs18,139","Rs14,238",4 stars
"155 Portland St,Boston,MA",01-Dec,4.4,Kimpton Onyx Hotel,"Rs10,350","Rs10,349",4 stars
"70 Third Avenue,Boston,MA",01-Dec,4.1,The Westin Waltham-Boston,"Rs18,789","Rs9,687",4 stars
"35 South Huntington Avenue,Boston,MA",01-Dec,3.5,Global Luxury Suites at Mission Hill,"Rs11,323","Rs10,160",4 stars
"296 State St,Boston,MA",01-Dec,4.4,Boston Marriott Long Wharf,"Rs27,892","Rs12,939",4 stars
"107 Merrimac St,Boston,MA",01-Dec,4.4,The Boxer,"Rs11,638","Rs10,241",4 stars
"50 Lewis Street,Boston,MA",01-Dec,3.5,Evolve East Boston,"Rs15,539","Rs13,208",4 stars
"90 Tremont St,Boston,MA",01-Dec,4.6,Kimpton Nine Zero Hotel,"Rs29,842","Rs14,888",4 stars
"Two Cambridge Center, 50 Broadway,Boston,MA",01-Dec,4.3,Boston Marriott Cambridge,"Rs33,093","Rs10,857",4 stars
"220 Alewife Brook Parkway,Boston,MA",01-Dec,4.3,Freepoint,"Rs9,432","Rs8,269",4 stars
"60 School St,Boston,MA",01-Dec,4.2,Boston Omni Parker House Hotel,"Rs10,988","Rs10,988",4 stars
"350 Third Street,Boston,MA",01-Dec,3.8,Global Luxury Suites at Kendall West,"Rs9,426","Rs8,457",4 stars
"110 Huntington Ave,Boston,MA",01-Dec,4.3,Boston Marriott Copley Place,"Rs25,942","Rs13,393",4 stars
"10 Huntington Ave,Boston,MA",01-Dec,4.4,"The Westin Copley Place, Boston","Rs42,195","Rs12,938",4 stars
"505 Washington Street,Boston,MA",01-Dec,4.6,The Godfrey Hotel Boston,"Rs14,570","Rs14,568",4 stars
"25 Edwin H. Land Blvd,Boston,MA",01-Dec,4.6,Kimpton Marlowe Hotel,"Rs10,350","Rs10,349",4 stars
"2027 Massachusetts Ave,Boston,MA",01-Dec,4.8,"The Inn at Hastings Park, Relais & Ch̢teaux","Rs17,396","Rs15,608",4 stars
"20 Sidney Street,Boston,MA",01-Dec,4.3,Le Meridien Cambridge-MIT,"Rs9,118","Rs9,118",4 stars
"85 Seaport Boulevard,Boston,MA",01-Dec,4.2,Apartments in Watermark Seaport by LYX,"Rs15,072","Rs15,072",3.5 stars
"15 Middlesex Canal Park,Boston,MA",01-Dec,4.3,Crowne Plaza Boston - Woburn,"Rs10,597","Rs6,436",3.5 stars
"550 Winter Street,Boston,MA",01-Dec,4.6,Embassy Suites Boston Waltham,"Rs12,767","Rs7,087",3.5 stars
"21 Monument Street,Boston,MA",01-Dec,4.8,North Bridge Inn,"Rs12,613","Rs12,613",3.5 stars
"5 Blossom Street,Boston,MA",01-Dec,3.9,Wyndham Boston Beacon Hill,"Rs18,789","Rs10,337",3.5 stars
"399 Grove St,Boston,MA",01-Dec,4.1,Hotel Indigo Boston - Newton Riverside,"Rs12,288","Rs6,436",3.5 stars
"207 Porter St,Boston,MA",01-Dec,4.2,Embassy Suites Boston Logan Airport,"Rs12,938","Rs9,687",3.5 stars
"58 Washington St,Boston,MA",01-Dec,4.6,Harbor Light Inn,"Rs14,888","Rs14,888",3.5 stars
"821 Washington Street,Boston,MA",01-Dec,4.2,DoubleTree by Hilton Boston - Downtown,"Rs19,439","Rs10,337",3.5 stars
"19 Banks Street St,Boston,MA",01-Dec,2.9,The Cambridge Karma House,"Rs12,383","Rs12,383",3.5 stars
"400 Soldiers Field Road,Boston,MA",01-Dec,4.4,DoubleTree Suites by Hilton Hotel Boston - Cambridge,"Rs19,439","Rs10,337",3.5 stars
"7 Summer St,Boston,MA",01-Dec,4.1,The Salem Inn,"Rs10,467","Rs10,467",3.5 stars
"2 Forbes Rd,Boston,MA",01-Dec,4.1,Hilton Boston/Woburn,"Rs10,679","Rs6,378",3.5 stars
"342 Longwood Ave,Boston,MA",01-Dec,3.9,The Inn at Longwood Medical,"Rs13,588","Rs13,588",3.5 stars
"225 Derby St,Boston,MA",01-Dec,4.3,Salem Waterfront Hotel & Suites,"Rs11,289","Rs11,289",3.5 stars
"10 Acorn Park Drive,Boston,MA",01-Dec,4.5,AC Hotel by Marriott Boston Cambridge,"Rs17,490","Rs7,087",3.5 stars
"100 Cabot St,Boston,MA",01-Dec,4,Sheraton Needham Hotel,"Rs14,238","Rs6,024",3.5 stars
"65 Seaport Blvd,Boston,MA",01-Dec,4.2,YOTEL Boston,"Rs8,387","Rs8,387",3.5 stars
"238 Andover St,Boston,MA",01-Dec,4.3,TownePlace Suites by Marriott Boston North Shore/Danvers,"Rs7,087","Rs6,437",3.5 stars
"18 Washington Square W,Boston,MA",01-Dec,4.4,Hawthorne Hotel,"Rs10,375","Rs9,308",3.5 stars
"25 Allied Drive,Boston,MA",01-Dec,4,Hilton Boston/Dedham,"Rs11,638","Rs9,106",3.5 stars
"50 Forbes Road,Boston,MA",01-Dec,4.2,Hyatt Place Boston/Braintree,"Rs7,230","Rs6,507",3.5 stars
"50 Ferncroft Rd,Boston,MA",01-Dec,3.7,DoubleTree by Hilton Boston North Shore,"Rs10,988","Rs9,687",3.5 stars
"1 Audubon Road,Boston,MA",01-Dec,3.9,Four Points by Sheraton Wakefield Boston Htl&Conference Cntr,"Rs8,777","Rs7,087",3.5 stars
"95 Station Landing,Boston,MA",01-Dec,4.7,AC Hotel by Marriott Boston North,"Rs17,490","Rs8,062",3.5 stars
"1125 Boston Providence Turnpike,Boston,MA",01-Dec,4.4,Four Points By Sheraton Norwood,"Rs10,988","Rs8,234",3.5 stars
"777 Memorial Dr,Boston,MA",01-Dec,4,Courtyard by Marriott Boston-Cambridge,"Rs18,140","Rs9,038",3.5 stars
"264 Pleasant Street,Boston,MA",01-Dec,4.8,The Marblehead Inn,"Rs15,929","Rs13,978",3.5 stars
"1271 Boylston St,Boston,MA",01-Dec,4.5,The Verb Hotel,"Rs11,313","Rs11,313",3.5 stars
"8A Centennial Drive,Boston,MA",01-Dec,4.2,Boston Marriott Peabody,"Rs10,338","Rs7,737",3.5 stars
"660 Washington St.,Boston,MA",01-Dec,3.8,Global Luxury Suites at China Town,"Rs13,285","Rs11,919",3.5 stars
"One Burlington Mall Road,Boston,MA",01-Dec,4.4,Boston Marriott Burlington,"Rs15,994","Rs6,957",3.5 stars
"241 Hanover Street,Boston,MA",01-Dec,4.3,Bricco Suites,"Rs16,494","Rs13,588",3.5 stars
"1000 Marriot Dr,Boston,MA",01-Dec,4.2,Boston Marriott Quincy,"Rs13,783","Rs7,152",3.5 stars
"320 Washington Street,Boston,MA",01-Dec,3.7,Crowne Plaza Boston - Newton,"Rs10,988","Rs7,087",3.5 stars
"2345 Commonwealth Avenue,Boston,MA",01-Dec,4,Boston Marriott Newton,"Rs7,542","Rs6,410",3.5 stars
"1834 Revere Beach Pkwy,Boston,MA",01-Dec,4.5,"enVision Hotel Boston - Everett, an Ascend Collection Member","Rs8,234","Rs8,234",3.5 stars
"44 Middlesex Tpke,Boston,MA",01-Dec,4.4,DoubleTree by Hilton Boston - Bedford Glen,"Rs14,238","Rs6,024",3.5 stars
"350 Third Street,Boston,MA",01-Dec,3.5,Apartments in Watermark Kendall by LYX,"Rs16,189","Rs14,442",3.5 stars
"275 Tremont St,Boston,MA",01-Dec,4,Courtyard by Marriott Boston Downtown,"Rs27,892","Rs8,258",3.5 stars
"88 Exeter St,Boston,MA",01-Dec,4.2,Courtyard by Marriott Boston Copley Square,"Rs28,542","Rs12,939",3 stars
"315 Mishawum Rd,Boston,MA",01-Dec,4.1,Holiday Inn Express Boston North-Woburn,"Rs9,102","Rs5,721",3 stars
"48 Monument Square,Boston,MA",01-Dec,4.2,Concord's Colonial Inn,"Rs16,839","Rs9,397",3 stars
"295 Hale Street,Boston,MA",01-Dec,4,The Wylie Inn and Conference Center at Endicott College,"Rs10,724","Rs8,526",3 stars
"655 Boylston St,Boston,MA",01-Dec,4.2,Charlesmark Hotel,"Rs13,473","Rs10,027",3 stars
"85 American Legion Hwy,Boston,MA",01-Dec,4.3,Comfort Inn & Suites Logan International Airport,"Rs19,439","Rs6,963",3 stars
"11 Old Concord Rd,Boston,MA",01-Dec,4.5,Sonesta ES Suites Burlington Boston,"Rs13,588","Rs7,737",3 stars
"300 River Ridge Dr,Boston,MA",01-Dec,4.2,Courtyard by Marriott Boston Norwood/Canton,"Rs10,662","Rs7,737",3 stars
"200 Technology Center Dr,Boston,MA",01-Dec,4.3,Courtyard by Marriott Boston Stoughton,"Rs9,038","Rs7,737",3 stars
"1200 Beacon St,Boston,MA",01-Dec,3.3,Holiday Inn Boston-Brookline,"Rs26,591","Rs11,703",3 stars
"239 W Newton St,Boston,MA",01-Dec,3.7,Copley House,"Rs11,053","Rs8,127",3 stars
"280 Friend Street,Boston,MA",01-Dec,3.9,Holiday Inn Express Hotel & Suites Boston Garden,"Rs23,991","Rs10,792",3 stars
"125 Brookline Ave,Boston,MA",01-Dec,4.6,Residence Inn by Marriott Boston Back Bay/Fenway,"Rs16,319","Rs13,056",3 stars
"270 Concord Rd,Boston,MA",01-Dec,4.2,Courtyard by Marriott Boston Billerica/Bedford,"Rs14,239","Rs6,437",3 stars
"185 State St,Boston,MA",01-Dec,4.2,Harborside Inn Of Boston,"Rs10,084","Rs7,505",3 stars
"287 Crescent Street,Boston,MA",01-Dec,4.5,Crescent Suites Hotel,"Rs13,328","Rs11,919",3 stars
"140 Clarendon St,Boston,MA",01-Dec,3.9,Hotel 140,"Rs23,991","Rs10,027",3 stars
"55 Ariadne Rd,Boston,MA",01-Dec,3.7,Holiday Inn Boston - Dedham Hotel & Conference Center,"Rs7,737","Rs5,331",3 stars
"1374 N Main Street,Boston,MA",01-Dec,3.7,Comfort Inn Randolph-Boston,"Rs7,087","Rs6,502",3 stars
"1 Newbury St,Boston,MA",01-Dec,3.7,Holiday Inn Hotel & Suites Boston - Peabody,"Rs7,087","Rs5,786",3 stars
"30 Eastern Avenue,Boston,MA",01-Dec,4.6,TownePlace Suites Boston Logan Airport/Chelsea,"Rs11,963","Rs7,412",3 stars
"30 Washington Street,Boston,MA",01-Dec,4.2,Holiday Inn Boston Bunker Hill Area,"Rs7,087","Rs6,024",3 stars
"2 Van De Graaff Dr,Boston,MA",01-Dec,4.6,HYATT house Boston/Burlington,"Rs16,615","Rs7,350",3 stars
"43 Newbury St./Route 1 North,Boston,MA",01-Dec,4.5,SpringHill Suites by Marriott Boston Peabody,"Rs8,388","Rs6,567",3 stars
"64 University Avenue,Boston,MA",01-Dec,4.8,Courtyard by Marriott Boston Dedham/Westwood,"Rs7,152","Rs7,152",3 stars
"50 Amory Street (unit 2),Boston,MA",01-Dec,3.9,Chez Pat in Cambridge,"Rs10,406","Rs10,406",3 stars
"225 William F. McClellan Highway,Boston,MA",01-Dec,4,Courtyard by Marriott Boston Logan Airport,"Rs15,539","Rs7,672",3 stars
"400 District Avenue,Boston,MA",01-Dec,5,Residence Inn by Marriott Boston Burlington,"Rs7,737","Rs7,737",3 stars
"225 Norwood Park S,Boston,MA",01-Dec,4.5,Holiday Inn Express & Suites Norwood-Boston Area,"Rs8,777","Rs7,022",3 stars
"5 Wheeler Rd,Boston,MA",01-Dec,4.3,Hilton Garden Inn Boston/Burlington,"Rs13,588","Rs6,226",3 stars
"387 Winter St,Boston,MA",01-Dec,4.4,Courtyard by Marriott Boston Waltham,"Rs17,490","Rs7,152",3 stars
"145 Beech St,Boston,MA",01-Dec,4.6,Homewood Suites by Hilton Boston Logan Airport Chelsea,"Rs8,234","Rs8,234",3 stars
"40 Webster St,Boston,MA",01-Dec,4,Courtyard by Marriott Boston Brookline,"Rs11,573","Rs11,572",3 stars
"215 Monsignor O'Brien Highway,Boston,MA",01-Dec,4.5,Fairfield Inn & Suites Boston Cambridge,"Rs14,563","Rs7,087",3 stars
"116 Riverside Ave,Boston,MA",01-Dec,4.1,Hyatt Place Boston/Medford,"Rs16,189","Rs9,203",3 stars
"201 Everett Ave,Boston,MA",01-Dec,3.6,Doubletree By Hilton Boston Logan Airport Chelsea,"Rs12,288","Rs9,037",3 stars
"700 Unicorn Park Dr,Boston,MA",01-Dec,4.4,Courtyard by Marriott Woburn/Boston North,"Rs6,307","Rs5,992",3 stars
"200 Maple St,Boston,MA",01-Dec,4.6,Residence Inn Boston Logan Airport/Chelsea,"Rs18,140","Rs7,737",3 stars
"100 Sargent Street,Boston,MA",01-Dec,4.1,Ch̢teau sur Mer Bed & Breakfast,"Rs7,477","Rs6,827",3 stars
"35 Middlesex Turnpike,Boston,MA",01-Dec,4.4,Homewood Suites by Hilton Boston/Billerica,"Rs10,445","Rs5,669",3 stars
"811 Massachusetts Ave,Boston,MA",01-Dec,4,Hampton Inn & Suites Boston Crosstown Center,"Rs6,236","Rs6,236",3 stars
"34-44 Charles River Ave,Boston,MA",01-Dec,4.4,Residence Inn by Marriott Boston Harbor on Tudor Wharf,"Rs18,204","Rs9,882",3 stars
"370 Congress St,Boston,MA",01-Dec,4.6,Residence Inn by Marriott Boston Downtown/Seaport,"Rs29,843","Rs12,288",3 stars
"391-395 D Street,Boston,MA",01-Dec,4.5,Element Boston Seaport by Westin,"Rs20,415","Rs9,687",3 stars
"401-403 D Street,Boston,MA",01-Dec,4.2,Aloft Boston Seaport,"Rs19,439","Rs9,037",3 stars
"148 Washington Street,Boston,MA",01-Dec,4.9,The Merchant,"Rs16,839","Rs16,839",3 stars
"727 Marrett Road - A,Boston,MA",01-Dec,4.2,Aloft Lexington,"Rs13,588","Rs7,087",3 stars
"6 Cambridge Ctr,Boston,MA",01-Dec,4.4,Residence Inn by Marriott Boston Cambridge,"Rs25,942","Rs7,737",3 stars
"215 Wood Rd,Boston,MA",01-Dec,4.3,Hampton Inn Boston/Braintree,"Rs10,988","Rs7,350",3 stars
"1650 Commonwealth Ave,Boston,MA",01-Dec,3.3,Hotel Boston,"Rs7,737","Rs5,416",3 stars
"259 Elm St,Boston,MA",01-Dec,4.2,Residence Inn Dedham,"Rs14,889","Rs7,412",3 stars
"407 Squire Rd,Boston,MA",01-Dec,3.8,Four Points by Sheraton Boston Logan Airport Revere,"Rs12,938","Rs9,362",3 stars
"24 Irving Street,Boston,MA",01-Dec,4,Irving House At Harvard,"Rs12,678","Rs12,678",3 stars
"434 Providence Hwy,Boston,MA",01-Dec,4.4,Hampton Inn Boston - Norwood,"Rs8,387","Rs6,024",3 stars
"51 Newbury St,Boston,MA",01-Dec,4.4,Residence Inn by Marriott Boston North Shore/Danvers,"Rs9,038","Rs7,087",3 stars
"1750 Beacon Street,Boston,MA",01-Dec,3.6,Beacon Inn 1750,"Rs10,302","Rs7,101",3 stars
"63 R Boston St,Boston,MA",01-Dec,4.2,Courtyard by Marriott Boston-South Boston,"Rs23,340","Rs7,152",3 stars
"727 Marrett Road - B,Boston,MA",01-Dec,4.4,Element Lexington,"Rs12,288","Rs7,477",3 stars
"100 Boardman St,Boston,MA",01-Dec,4.5,Hilton Garden Inn Boston Logan Airport,"Rs12,938","Rs9,037",3 stars
"80 B Street,Boston,MA",01-Dec,4.6,Residence Inn Boston Needham,"Rs11,638","Rs9,038",3 stars
"275 Norwood Park S,Boston,MA",01-Dec,4.4,Residence Inn by Marriott Boston Norwood,"Rs10,988","Rs7,737",3 stars
"1 Massachusetts Ave,Boston,MA",01-Dec,4.3,Homewood Suites by Hilton Boston/Cambridge-Arlington,"Rs15,539","Rs10,012",3 stars
"54 4th Ave,Boston,MA",01-Dec,4.3,HYATT house Boston/Waltham,"Rs14,570","Rs8,719",3 stars
"100 Morris Street,Boston,MA",01-Dec,3.9,Quality Inn,"Rs5,149","Rs5,149",3 stars
"180 Forbes Road,Boston,MA",01-Dec,4.8,Residence Inn by Marriott Boston Braintree,"Rs9,397","Rs9,397",3 stars
"6 Prentiss St.,Boston,MA",01-Dec,4.5,Mary Prentiss Inn,"Rs13,588","Rs11,919",3 stars
"230 Lee Burbank Hwy,Boston,MA",01-Dec,4.1,Hampton Inn Boston - Logan Airport,"Rs13,588","Rs7,682",3 stars
"45 Hull Shore Drive,Boston,MA",01-Dec,4.3,Nantasket Beach Resort,"Rs7,252","Rs7,252",3 stars
"570 Arsenal Street,Boston,MA",01-Dec,4.8,Residence Inn by Marriott Boston Watertown,"Rs16,840","Rs7,412",3 stars
"450 Totten Pond Rd,Boston,MA",01-Dec,4.2,Hilton Garden Inn Boston/Waltham,"Rs6,778","Rs6,100",3 stars
"2218 Massachussets Avenue,Boston,MA",01-Dec,4.2,A Cambridge House Inn at Porter,"Rs10,337","Rs8,766",3 stars
"23 Cummings St,Boston,MA",01-Dec,3.7,La Quinta Inn & Suites Boston-Somerville,"Rs8,128","Rs7,315",3 stars
"240 Mishawum Rd,Boston,MA",01-Dec,4.3,Courtyard by Marriott Boston Woburn/Burlington,"Rs16,840","Rs5,461",3 stars
"929 Hingham St,Boston,MA",01-Dec,3.9,DoubleTree by Hilton Boston-Rockland,"Rs12,288","Rs8,787",3 stars
"130 Grovers Ave.,Boston,MA",01-Dec,4.3,The Winthrop Arms Hotel,"Rs8,972","Rs7,402",3 stars
"275 Independence Way,Boston,MA",01-Dec,4.2,Courtyard Boston Danvers,"Rs8,388","Rs7,737",3 stars
"1924 Massachusetts Avenue,Boston,MA",01-Dec,4.4,Porter Square Hotel,"Rs10,131","Rs10,130",3 stars
"380 Winter Street,Boston,MA",01-Dec,4.1,Best Western TLC Hotel,"Rs11,638","Rs5,786",3 stars
"312 Shirley Street,Boston,MA",01-Dec,4.4,Winthrop Beach Inn and Suites,"Rs13,588","Rs6,874",3 stars
"900 William T Morrissey Blvd,Boston,MA",01-Dec,3.6,Comfort Inn Boston,"Rs15,214","Rs5,793",3 stars
"240 Mount Vernon Street,Boston,MA",01-Dec,4.1,DoubleTree Club by Hilton Boston Bayside,"Rs16,579","Rs7,087",3 stars
"300 Presidential Way,Boston,MA",01-Dec,4.5,Residence Inn by Marriott Boston Woburn,"Rs11,897","Rs6,697",3 stars
"350 Main Street,Boston,MA",01-Dec,4.7,The Kendall Hotel,"Rs24,056","Rs10,721",3 stars
"111 Boylston Street,Boston,MA",01-Dec,4.5,Homewood Suites by Hilton Boston Brookline-Longwood Medical,"Rs23,340","Rs10,337",3 stars
"57 Newbury St,Boston,MA",01-Dec,4.3,Homewood Suites by Hilton Boston-Peabody,"Rs8,387","Rs6,732",3 stars
"52 Salisbury St.,Boston,MA",01-Dec,4.6,The Beacon Luxury Waterfront Inn,"Rs9,687","Rs7,087",3 stars
"87 Commercial Wharf,Boston,MA",01-Dec,4.9,Boston Yacht Haven Inn & Marina,"Rs30,882","Rs14,628",3 stars
"50 Royall St,Boston,MA",01-Dec,4.7,"Homewood Suites by Hilton Boston/Canton, MA","Rs10,988","Rs9,687",3 stars
"25 Charles Street,Boston,MA",01-Dec,4.3,Beacon Hill Hotel & Bistro,"Rs14,888","Rs14,888",3 stars
"52 4th Ave,Boston,MA",01-Dec,2.7,Extended Stay America - Boston - Waltham - 52 4th Ave,"Rs6,642","Rs5,959",2.5 stars
"831 Main St,Boston,MA",01-Dec,3.5,Extended Stay America - Boston - Woburn,"Rs6,642","Rs5,959",2.5 stars
"395 Old Post Rd,Boston,MA",01-Dec,3.8,Best Western Plus The Inn at Sharon/Foxboro,"Rs5,471","Rs5,471",2.5 stars
"115 Nantasket Ave,Boston,MA",01-Dec,4.5,Nantasket Hotel at the Beach,"Rs7,087","Rs6,378",2.5 stars
"44 Commonwealth Avenue,Boston,MA",01-Dec,4.5,The College Club of Boston,"Rs13,812","Rs11,686",2.5 stars
"25 Middlesex Turnpike,Boston,MA",01-Dec,4.5,Hampton Inn Boston Bedford Burlington,"Rs11,638","Rs8,062",2.5 stars
"59 Newbury St,Boston,MA",01-Dec,4.1,Hampton Inn Boston/Peabody,"Rs7,737","Rs6,378",2.5 stars
"50 Dayton St,Boston,MA",01-Dec,4.4,Best Western Plus North Shore Hotel,"Rs6,085","Rs6,085",2.5 stars
"449 Page Street,Boston,MA",01-Dec,4.6,Hampton Inn & Suites Boston/Stoughton,"Rs6,963","Rs6,963",2.5 stars
"19 Commerce Way,Boston,MA",01-Dec,3.5,Red Roof PLUS+ Boston - Woburn,"Rs6,436","Rs5,793",2.5 stars
"32 4th Ave,Boston,MA",01-Dec,2.8,Extended Stay America - Boston - Waltham - 32 4th Ave,"Rs7,476","Rs6,728",2.5 stars
"1087 Beacon St,Boston,MA",01-Dec,3.5,Beacon Inn 1087,"Rs9,720","Rs9,720",2.5 stars
"235 Elm Street,Boston,MA",01-Dec,3.5,Fairfield Inn by Marriott Boston Dedham,"Rs7,998","Rs6,307",2.5 stars
"340 Great Road,Boston,MA",01-Dec,3.2,Bedford Plaza Hotel - Boston,"Rs6,263","Rs5,619",2.5 stars
"190 Wood Road,Boston,MA",01-Dec,4.1,Beantown Inn,"Rs9,037","Rs8,135",2.5 stars
"26 Chandler St,Boston,MA",01-Dec,3.8,Chandler Inn Hotel,"Rs20,090","Rs9,397",2.5 stars
"285 Mishawum Rd,Boston,MA",01-Dec,3.9,Fairfield Inn by Marriott Boston Woburn-Burlington,"Rs8,388","Rs4,031",2.5 stars
"800 Morrissey Blvd,Boston,MA",01-Dec,3.2,Ramada Inn Boston,"Rs12,938","Rs6,436",2.5 stars
"385 Winter St,Boston,MA",01-Dec,4.3,Holiday Inn Express Boston - Waltham,"Rs12,938","Rs7,087",2.5 stars
"850 Hingham St,Boston,MA",01-Dec,3.9,Comfort Inn Rockland - Boston,"Rs9,687","Rs6,300",2.5 stars
"850 Hingham St,Boston,MA",01-Dec,3.9,Comfort Inn Rockland - Boston,"Rs9,687","Rs6,300",2.5 stars
"22 Edgerly Road,Boston,MA",01-Dec,4,Oasis Guest House,"Rs10,613","Rs6,217",2.5 stars
"440 Bedford St,Boston,MA",01-Dec,3.2,Quality Inn & Suites Lexington,"Rs5,208","Rs5,208",2.5 stars
"909 Hingham St,Boston,MA",01-Dec,3.9,Best Western Rockland,"Rs6,631","Rs6,631",2.5 stars
"250 Monsignor O'Brien Hwy,Boston,MA",01-Dec,4.2,Holiday Inn Express Hotel and Suites Cambridge,"Rs16,644","Rs8,192",2.5 stars
"920 Broadway,Boston,MA",01-Dec,3.8,Red Roof PLUS+ Boston - Logan,"Rs6,176","Rs5,559",2.5 stars
"69 Boston St,Boston,MA",01-Dec,4.1,Holiday Inn Express Boston,"Rs22,690","Rs7,542",2.5 stars
"319 Speen St,Boston,MA",01-Dec,4.2,Hampton Inn Boston Natick,"Rs11,638","Rs6,963",2.5 stars
"1800 Soldiers Field Road,Boston,MA",01-Dec,3.2,Charles River Motel,"Rs6,263","Rs5,619",2.5 stars
"130 Middlesex Tpke,Boston,MA",01-Dec,4,Candlewood Suites Boston-Burlington,"Rs6,176","Rs5,461",2.5 stars
"29 Hancock St,Boston,MA",01-Dec,3.6,Best Western Adams Inn Quincy-Boston,"Rs12,938","Rs6,236",2.5 stars
"14 Hill St,Boston,MA",01-Dec,4.1,Comfort Inn Woburn,"Rs5,471","Rs5,471",2.5 stars
"1 Rainin Road,Boston,MA",01-Dec,3.6,Best Western Plus New Englander,"Rs5,471","Rs5,471",2.5 stars
"999 Broadway,Boston,MA",01-Dec,3.9,Holiday Inn Express Saugus (Logan Airport),"Rs5,721","Rs4,577",2.5 stars
"78 Charles Street South,Boston,MA",01-Dec,3.3,Found Hotel Boston Common,"Rs8,133","Rs8,133",2.5 stars
"191 Monsignor O'Brien Highway,Boston,MA",01-Dec,4.2,Hampton Inn by Hilton Boston/Cambridge,"Rs22,040","Rs8,387",2.5 stars
"62-64 Amory Street,Boston,MA",01-Dec,3.4,Amory Guest House,"Rs7,802","Rs6,176",2.5 stars
"235 Wood Rd,Boston,MA",01-Dec,4,Candlewood Suites Boston-Braintree,"Rs9,101","Rs7,281",2.5 stars
"20 Rockdale St,Boston,MA",01-Dec,3,Extended Stay America Boston - Braintree,"Rs7,907","Rs7,094",2.5 stars
"56 Berkeley St,Boston,MA",01-Dec,4.5,Chandler Studios Boston,"Rs22,040","Rs12,550",2.5 stars
"200 Jubilee Dr,Boston,MA",01-Dec,3.1,Extended Stay America - Boston - Peabody,"Rs7,476","Rs6,728",2.5 stars
"81 S Huntington Ave,Boston,MA",01-Dec,4.3,"enVision Hotel Boston Longwood, an Ascend Collection Member","Rs18,139","Rs11,638",2.5 stars
"891 Massachusetts Ave,Boston,MA",01-Dec,3.6,Best Western Plus Boston Hotel,"Rs19,374","Rs7,129",2.5 stars
"40 South Ave,Boston,MA",01-Dec,2.7,Extended Stay America - Boston - Burlington,"Rs6,325","Rs5,675",2.5 stars
"40 Bridge Street,Boston,MA",01-Dec,3.7,Clipper Ship Inn,"Rs9,102","Rs8,514",2 stars
"19 Stuart Street,Boston,MA",01-Dec,4.4,HI Boston,"Rs6,468","Rs6,468",2 stars
"845 Hancock St,Boston,MA",01-Dec,4.2,Howard Johnson Quincy,"Rs8,777","Rs5,803",2 stars
"775 Providence Highway,Boston,MA",01-Dec,3,Econo Lodge Sharon,"Rs4,973","Rs4,973",2 stars
"30 North Road,Boston,MA",01-Dec,3.1,Bedford Motel,"Rs4,982","Rs4,982",2 stars
"110 Mount Auburn Street,Boston,MA",01-Dec,3.9,Harvard Square Hotel,"Rs14,888","Rs11,919",2 stars
"219 Newbury Street,Boston,MA",01-Dec,3.1,Knights Inn Danvers,"Rs4,811","Rs3,836",2 stars
"150 3rd Ave,Boston,MA",01-Dec,3.1,The Constitution Inn,"Rs10,151","Rs6,016",2 stars
"125 Newbury Street,Boston,MA",01-Dec,2.6,Plaza Inn,"Rs7,087","Rs5,136",2 stars
"595 North Ave,Boston,MA",01-Dec,3.4,Lakeside Inn,"Rs5,702","Rs4,824",2 stars
"309 American Legion Hwy., Route 60 West,Boston,MA",01-Dec,3,Rodeway Inn Logan International Airport,"Rs5,786","Rs4,486",2 stars
"100 N Beacon St,Boston,MA",01-Dec,2.7,Super 8 - Watertown/Cambridge/Boston Area,"Rs6,111","Rs6,111",2 stars
"23 Farrington Avenue,Boston,MA",01-Dec,2.6,The Farrington Inn,"Rs5,136","Rs3,186",1.5 star
"321 Broadway,Boston,MA",01-Dec,2.3,Econo Lodge Malden,"Rs7,151","Rs5,786",1.5 star
"65 Newbury Street/US Route 1 North,Boston,MA",01-Dec,2.8,Motel 6 Boston - Danvers,"Rs4,940","Rs4,940",1.5 star
"2 Hildreth Street,Boston,MA",01-Dec,4.5,Fletcher Tavern Bed & Breakfast,"Rs7,252","Rs7,252",4.5 stars
"28 Patriot Place,Boston,MA",01-Dec,4.3,Renaissance Boston Patriot Place Hotel,"Rs27,242","Rs9,362",4 stars
"529 Chestnut Street,Boston,MA",01-Dec,4.5,Warren Conference Center and Inn,"Rs9,787","Rs7,284",3.5 stars
"1657 Worcester Rd,Boston,MA",01-Dec,3.9,Sheraton Framingham Hotel & Conference Center,"Rs13,149","Rs6,024",3.5 stars
"4 Chapel Ave,Boston,MA",01-Dec,4.6,Andover Inn,"Rs15,539","Rs11,289",3.5 stars
"4 Highwood Drive,Boston,MA",01-Dec,3.9,Holiday Inn Tewksbury Andover,"Rs8,062","Rs6,046",3.5 stars
"7 Beaver Dam Road,Boston,MA",01-Dec,4.2,The Inn At Scituate Harbor,"Rs12,288","Rs12,288",3.5 stars
"123 Old River Rd,Boston,MA",01-Dec,4.2,DoubleTree by Hilton Hotel Boston-Andover,"Rs13,588","Rs7,230",3.5 stars
"1360 Worcester St,Boston,MA",01-Dec,4.2,Crowne Plaza Boston-Natick,"Rs11,378","Rs6,632",3.5 stars
"27 Patriot Place,Boston,MA",01-Dec,4.7,Hilton Garden Inn Foxborough Patriot Place,"Rs27,891","Rs9,203",3 stars